{
    "bindings": [
        {
            "font": "{30c49ad3-e883-456b-8500-15abb14ab736}",
            "language": "{e381bb2d-3618-4bb5-a6f0-c5a01f3c7dce}",
            "string": "{60294c00-5ab0-4bd7-a264-47427def3b2a}"
        },
        {
            "font": "{62617915-98b7-4c8d-baa6-d283660b56a3}",
            "language": "{e381bb2d-3618-4bb5-a6f0-c5a01f3c7dce}",
            "string": "{69953332-d4f7-41f0-9784-9eec902fca63}"
        },
        {
            "font": "{30c49ad3-e883-456b-8500-15abb14ab736}",
            "language": "{e381bb2d-3618-4bb5-a6f0-c5a01f3c7dce}",
            "string": "{ed75cc45-aabc-44d7-a2ed-263a2ccec62f}"
        },
        {
            "font": "{62617915-98b7-4c8d-baa6-d283660b56a3}",
            "language": "{e381bb2d-3618-4bb5-a6f0-c5a01f3c7dce}",
            "string": "{7f126012-68eb-48ad-8c28-54b8c7343dff}"
        },
        {
            "font": "{62617915-98b7-4c8d-baa6-d283660b56a3}",
            "language": "{e381bb2d-3618-4bb5-a6f0-c5a01f3c7dce}",
            "string": "{9e78715e-a7b3-4bc8-9ea5-b51a8f15a990}"
        },
        {
            "font": "{62617915-98b7-4c8d-baa6-d283660b56a3}",
            "language": "{e381bb2d-3618-4bb5-a6f0-c5a01f3c7dce}",
            "string": "{d25e7487-c1cb-4949-9741-8bca1aa3e668}"
        },
        {
            "font": "{62617915-98b7-4c8d-baa6-d283660b56a3}",
            "language": "{e381bb2d-3618-4bb5-a6f0-c5a01f3c7dce}",
            "string": "{ddefdeca-995d-45dd-aa96-d5380d76817e}"
        },
        {
            "font": "{62617915-98b7-4c8d-baa6-d283660b56a3}",
            "language": "{e381bb2d-3618-4bb5-a6f0-c5a01f3c7dce}",
            "string": "{fb91c39e-0131-4784-b4f7-f28ffb66def8}"
        }
    ],
    "defaultLanguage": "{e381bb2d-3618-4bb5-a6f0-c5a01f3c7dce}",
    "encoding": "ASCII",
    "languages": [
        {
            "properties": {
                "__categories": [
                ],
                "__groups": [
                ],
                "enabled": {
                    "enabled": true,
                    "type": "boolean",
                    "value": true,
                    "visible": true
                },
                "id": {
                    "enabled": true,
                    "type": "uuid",
                    "value": "{e381bb2d-3618-4bb5-a6f0-c5a01f3c7dce}",
                    "visible": true
                },
                "name": {
                    "enabled": true,
                    "type": "text",
                    "value": "default",
                    "visible": true
                }
            }
        }
    ],
    "paths": [
    ],
    "strings": [
        {
            "properties": {
                "__categories": [
                ],
                "__groups": [
                ],
                "description": {
                    "enabled": true,
                    "type": "text",
                    "value": "",
                    "visible": true
                },
                "id": {
                    "enabled": true,
                    "type": "uuid",
                    "value": "{60294c00-5ab0-4bd7-a264-47427def3b2a}",
                    "visible": true
                },
                "name": {
                    "enabled": true,
                    "type": "text",
                    "value": "String_Demonstrated",
                    "visible": true
                },
                "path": {
                    "enabled": true,
                    "type": "text",
                    "value": "/",
                    "visible": true
                }
            },
            "values": [
                {
                    "language": "{e381bb2d-3618-4bb5-a6f0-c5a01f3c7dce}",
                    "value": "Demonstrated Features"
                }
            ]
        },
        {
            "properties": {
                "__categories": [
                ],
                "__groups": [
                ],
                "description": {
                    "enabled": true,
                    "type": "text",
                    "value": "",
                    "visible": true
                },
                "id": {
                    "enabled": true,
                    "type": "uuid",
                    "value": "{69953332-d4f7-41f0-9784-9eec902fca63}",
                    "visible": true
                },
                "name": {
                    "enabled": true,
                    "type": "text",
                    "value": "String_Resolution",
                    "visible": true
                },
                "path": {
                    "enabled": true,
                    "type": "text",
                    "value": "/",
                    "visible": true
                }
            },
            "values": [
                {
                    "language": "{e381bb2d-3618-4bb5-a6f0-c5a01f3c7dce}",
                    "value": "WQVGA 480x272"
                }
            ]
        },
        {
            "properties": {
                "__categories": [
                ],
                "__groups": [
                ],
                "description": {
                    "enabled": true,
                    "type": "text",
                    "value": "",
                    "visible": true
                },
                "id": {
                    "enabled": true,
                    "type": "uuid",
                    "value": "{7f126012-68eb-48ad-8c28-54b8c7343dff}",
                    "visible": true
                },
                "name": {
                    "enabled": true,
                    "type": "text",
                    "value": "String_ColorDepth",
                    "visible": true
                },
                "path": {
                    "enabled": true,
                    "type": "text",
                    "value": "/",
                    "visible": true
                }
            },
            "values": [
                {
                    "language": "{e381bb2d-3618-4bb5-a6f0-c5a01f3c7dce}",
                    "value": "16-bit RGB565 Color Depth "
                }
            ]
        },
        {
            "properties": {
                "__categories": [
                ],
                "__groups": [
                ],
                "description": {
                    "enabled": true,
                    "type": "text",
                    "value": "",
                    "visible": true
                },
                "id": {
                    "enabled": true,
                    "type": "uuid",
                    "value": "{9e78715e-a7b3-4bc8-9ea5-b51a8f15a990}",
                    "visible": true
                },
                "name": {
                    "enabled": true,
                    "type": "text",
                    "value": "String_Library",
                    "visible": true
                },
                "path": {
                    "enabled": true,
                    "type": "text",
                    "value": "/",
                    "visible": true
                }
            },
            "values": [
                {
                    "language": "{e381bb2d-3618-4bb5-a6f0-c5a01f3c7dce}",
                    "value": "Next-Gen High Performance Library"
                }
            ]
        },
        {
            "properties": {
                "__categories": [
                ],
                "__groups": [
                ],
                "description": {
                    "enabled": true,
                    "type": "text",
                    "value": "",
                    "visible": true
                },
                "id": {
                    "enabled": true,
                    "type": "uuid",
                    "value": "{d25e7487-c1cb-4949-9741-8bca1aa3e668}",
                    "visible": true
                },
                "name": {
                    "enabled": true,
                    "type": "text",
                    "value": "String_Features",
                    "visible": true
                },
                "path": {
                    "enabled": true,
                    "type": "text",
                    "value": "/",
                    "visible": true
                }
            },
            "values": [
                {
                    "language": "{e381bb2d-3618-4bb5-a6f0-c5a01f3c7dce}",
                    "value": "Widgets: Label, Button, Panel, Image, Image Sequence"
                }
            ]
        },
        {
            "properties": {
                "__categories": [
                ],
                "__groups": [
                ],
                "description": {
                    "enabled": true,
                    "type": "text",
                    "value": "",
                    "visible": true
                },
                "id": {
                    "enabled": true,
                    "type": "uuid",
                    "value": "{ddefdeca-995d-45dd-aa96-d5380d76817e}",
                    "visible": true
                },
                "name": {
                    "enabled": true,
                    "type": "text",
                    "value": "String_Device",
                    "visible": true
                },
                "path": {
                    "enabled": true,
                    "type": "text",
                    "value": "/",
                    "visible": true
                }
            },
            "values": [
                {
                    "language": "{e381bb2d-3618-4bb5-a6f0-c5a01f3c7dce}",
                    "value": "PIC32 CK GC Curiosity Ultra"
                }
            ]
        },
        {
            "properties": {
                "__categories": [
                ],
                "__groups": [
                ],
                "description": {
                    "enabled": true,
                    "type": "text",
                    "value": "",
                    "visible": true
                },
                "id": {
                    "enabled": true,
                    "type": "uuid",
                    "value": "{ed75cc45-aabc-44d7-a2ed-263a2ccec62f}",
                    "visible": true
                },
                "name": {
                    "enabled": true,
                    "type": "text",
                    "value": "String_PressHere",
                    "visible": true
                },
                "path": {
                    "enabled": true,
                    "type": "text",
                    "value": "/",
                    "visible": true
                }
            },
            "values": [
                {
                    "language": "{e381bb2d-3618-4bb5-a6f0-c5a01f3c7dce}",
                    "value": "Press Here to Return"
                }
            ]
        },
        {
            "properties": {
                "__categories": [
                ],
                "__groups": [
                ],
                "description": {
                    "enabled": true,
                    "type": "text",
                    "value": "",
                    "visible": true
                },
                "id": {
                    "enabled": true,
                    "type": "uuid",
                    "value": "{fb91c39e-0131-4784-b4f7-f28ffb66def8}",
                    "visible": true
                },
                "name": {
                    "enabled": true,
                    "type": "text",
                    "value": "String_GfxController",
                    "visible": true
                },
                "path": {
                    "enabled": true,
                    "type": "text",
                    "value": "/",
                    "visible": true
                }
            },
            "values": [
                {
                    "language": "{e381bb2d-3618-4bb5-a6f0-c5a01f3c7dce}",
                    "value": "Low-Cost Controllerless Graphics"
                }
            ]
        }
    ]
}
